stitch_id_flat,drug_name,n_neuro_pt,neurotoxic,pubchem_cid
stitch_id,drug_name,0,0,
CID100000085,carnitine,2,1,85.0
CID100000119,gamma-aminobutyric,0,0,119.0
CID100000137,5-aminolevulinic,2,1,137.0
CID100000143,leucovorin,5,1,143.0
CID100000146,5-methyltetrahydrofolate,0,0,146.0
CID100000158,PGE2,5,1,158.0
CID100000159,prostacyclin,5,1,159.0
CID100000160,prostaglandin,0,0,160.0
CID100000175,acetate,0,0,175.0
CID100000187,acetylcholine,0,0,187.0
CID100000191,adenosine,6,1,191.0
CID100000206,glucose,4,1,206.0
CID100000214,PGE1,3,1,214.0
CID100000222,ammonia,0,0,222.0
CID100000232,arginine,1,1,232.0
CID100000244,benzyl,1,1,244.0
CID100000247,betaine,0,0,247.0
CID100000271,calcium,6,1,271.0
CID100000297,graphene,0,0,297.0
CID100000298,chloramphenicol,3,1,298.0
CID100000303,bile,1,1,303.0
CID100000305,choline,0,0,305.0
CID100000311,citric,2,1,311.0
CID100000312,chloride,0,0,312.0
CID100000338,salicylate,1,1,338.0
CID100000401,D-cycloserine,6,1,401.0
CID100000444,bupropion,21,1,444.0
CID100000450,estradiol,12,1,450.0
CID100000453,mannitol,1,1,453.0
CID100000564,EACA,5,1,564.0
CID100000581,N-acetylcysteine,2,1,581.0
CID100000596,cytarabine,15,1,596.0
CID100000598,mesna,3,1,598.0
CID100000612,lactate,0,0,612.0
CID100000679,DMSO,0,0,679.0
CID100000681,dopamine,0,0,681.0
CID100000698,estrone,2,1,698.0
CID100000699,Oestrogen,3,1,699.0
CID100000700,monoethanolamine,0,0,700.0
CID100000727,lindane,2,1,727.0
CID100000738,glutamine,1,1,738.0
CID100000750,glycine,3,1,750.0
CID100000753,glycerol,2,1,753.0
CID100000767,bicarbonate,2,1,767.0
CID100000772,LMWH,1,1,772.0
CID100000774,histamine,1,1,774.0
CID100000785,quinol,0,0,785.0
CID100000813,potassium,2,1,813.0
CID100000815,kanamycin,2,1,815.0
CID100000838,epinephrine,2,1,838.0
CID100000853,thyroxine,4,1,853.0
CID100000861,triiodothyronine,0,0,861.0
CID100000888,magnesium,0,0,888.0
CID100000896,melatonin,4,1,896.0
CID100000923,sodium,4,1,923.0
CID100000937,niacin,3,1,937.0
CID100000942,nicotine,8,1,942.0
CID100000946,nitrite,3,1,946.0
CID100000948,nitrous,3,1,948.0
CID100000951,norepinephrine,0,0,951.0
CID100000961,hydroxyl,0,0,961.0
CID100001003,phosphate,3,1,1003.0
CID100001046,pyrazinamide,0,0,1046.0
CID100001054,pyridoxine,2,1,1054.0
CID100001065,quinidine,9,1,1065.0
CID100001071,retinol,0,0,1071.0
CID100001084,thiosulfate,0,0,1084.0
CID100001125,tetrahydrobiopterin,1,1,1125.0
CID100001130,thiamine,0,0,1130.0
CID100001134,thymidine,2,1,1134.0
CID100001206,methamphetamine,1,1,1206.0
CID100001301,naproxen,13,1,1301.0
CID100001546,cladribine,7,1,1546.0
CID100001690,doxorubicin,15,1,1690.0
CID100001727,4-AP,4,1,1727.0
CID100001775,phenytoin,20,1,1775.0
CID100001798,methazolamide,3,1,1798.0
CID100001805,5-azacytidine,6,1,1805.0
CID100001875,methylprednisolone,5,1,1875.0
CID100001971,abacavir,4,1,1971.0
CID100001972,amphotericin,11,1,1972.0
CID100001978,acebutolol,5,1,1978.0
CID100001983,acetaminophen,7,1,1983.0
CID100001986,acetazolamide,4,1,1986.0
CID100001990,acetohydroxamic,1,1,1990.0
CID100001993,methacholine,2,1,1993.0
CID100002019,actinomycin,0,0,2019.0
CID100002021,spectinomycin,0,0,2021.0
CID100002022,acyclovir,8,1,2022.0
CID100002082,albendazole,0,0,2082.0
CID100002083,salbutamol,7,1,2083.0
CID100002085,Almeta,0,0,2085.0
CID100002088,alendronate,0,0,2088.0
CID100002092,alfuzosin,4,1,2092.0
CID100002094,allopurinol,11,1,2094.0
CID100002099,alosetron,4,1,2099.0
CID100002118,alprazolam,13,1,2118.0
CID100002123,hexamethylmelamine,4,1,2123.0
CID100002130,amantadine,9,1,2130.0
CID100002133,amcinonide,0,0,2133.0
CID100002140,diatrizoate,7,1,2140.0
CID100002141,amifostine,3,1,2141.0
CID100002142,amikacin,2,1,2142.0
CID100002145,aminoglutethimide,0,0,2145.0
CID100002148,p-aminohippurate,1,1,2148.0
CID100002153,theophylline,5,1,2153.0
CID100002156,amiodarone,13,1,2156.0
CID100002159,amisulpride,7,1,2159.0
CID100002160,amitriptyline,12,1,2160.0
CID100002161,amlexanox,1,1,2161.0
CID100002162,amlodipine,7,1,2162.0
CID100002163,amobarbital,4,1,2163.0
CID100002168,amorolfine,0,0,2168.0
CID100002170,amoxapine,8,1,2170.0
CID100002171,amoxicillin,5,1,2171.0
CID100002173,ampicillin,0,0,2173.0
CID100002177,amprenavir,3,1,2177.0
CID100002179,amsacrine,3,1,2179.0
CID100002182,anagrelide,6,1,2182.0
CID100002187,anastrozole,3,1,2187.0
CID100002215,apomorphine,5,1,2215.0
CID100002216,apraclonidine,2,1,2216.0
CID100002232,argatroban,1,1,2232.0
CID100002244,aspirin,5,1,2244.0
CID100002249,atenolol,6,1,2249.0
CID100002250,atorvastatin,9,1,2250.0
CID100002265,azathioprine,1,1,2265.0
CID100002266,azelaic,1,1,2266.0
CID100002267,azelastine,2,1,2267.0
CID100002269,azithromycin,4,1,2269.0
CID100002274,aztreonam,3,1,2274.0
CID100002284,baclofen,14,1,2284.0
CID100002307,beclomethasone,0,0,2307.0
CID100002308,beclomethasone,0,0,2308.0
CID100002311,benazepril,3,1,2311.0
CID100002315,bendrofluazide,1,1,2315.0
CID100002337,benzocaine,0,0,2337.0
CID100002341,benzphetamine,1,1,2341.0
CID100002344,benztropine,2,1,2344.0
CID100002345,benzyl,0,0,2345.0
CID100002349,penicillin,7,1,2349.0
CID100002350,bepotastine,0,0,2350.0
CID100002351,bepridil,4,1,2351.0
CID100002366,betahistine,2,1,2366.0
CID100002367,dexamethasone,5,1,2367.0
CID100002369,betaxolol,9,1,2369.0
CID100002370,bethanechol,1,1,2370.0
CID100002375,bicalutamide,6,1,2375.0
CID100002391,bisacodyl,3,1,2391.0
CID100002405,bisoprolol,8,1,2405.0
CID100002431,bretylium,3,1,2431.0
CID100002435,brimonidine,4,1,2435.0
CID100002441,bromazepam,5,1,2441.0
CID100002442,bromhexine,0,0,2442.0
CID100002443,bromocriptine,11,1,2443.0
CID100002462,budesonide,6,1,2462.0
CID100002471,bumetanide,1,1,2471.0
CID100002474,bupivacaine,11,1,2474.0
CID100002476,buprenorphine,8,1,2476.0
CID100002477,buspirone,13,1,2477.0
CID100002478,busulfan,5,1,2478.0
CID100002479,butabarbital,4,1,2479.0
CID100002484,butenafine,0,0,2484.0
CID100002487,butorphanol,8,1,2487.0
CID100002512,cabergoline,5,1,2512.0
CID100002519,caffeine,1,1,2519.0
CID100002520,verapamil,7,1,2520.0
CID100002522,calcipotriol,1,1,2522.0
CID100002524,"1,25(OH)2D3",1,1,2524.0
CID100002540,candesartan,3,1,2540.0
CID100002541,candesartan,1,1,2541.0
CID100002547,capreomycin,0,0,2547.0
CID100002548,capsaicin,2,1,2548.0
CID100002550,captopril,5,1,2550.0
CID100002551,carbachol,2,1,2551.0
CID100002554,carbamazepine,17,1,2554.0
CID100002559,carbenicillin,0,0,2559.0
CID100002563,carbidopa,11,1,2563.0
CID100002564,carbinoxamine,5,1,2564.0
CID100002576,carisoprodol,5,1,2576.0
CID100002578,BCNU,13,1,2578.0
CID100002583,carteolol,2,1,2583.0
CID100002585,carvedilol,7,1,2585.0
CID100002609,cefaclor,6,1,2609.0
CID100002610,cefadroxil,1,1,2610.0
CID100002617,cefazolin,4,1,2617.0
CID100002622,cefepime,7,1,2622.0
CID100002631,cefotaxime,2,1,2631.0
CID100002637,cefoxitin,1,1,2637.0
CID100002646,cefprozil,2,1,2646.0
CID100002650,ceftazidime,6,1,2650.0
CID100002654,cephem,2,1,2654.0
CID100002655,ceftizoxime,2,1,2655.0
CID100002656,ceftriaxone,3,1,2656.0
CID100002658,cefuroxime,1,1,2658.0
CID100002662,celecoxib,10,1,2662.0
CID100002663,celiprolol,3,1,2663.0
CID100002666,cephalexin,2,1,2666.0
CID100002675,cefixime,2,1,2675.0
CID100002676,cerivastatin,4,1,2676.0
CID100002678,cetirizine,11,1,2678.0
CID100002684,cevimeline,13,1,2684.0
CID100002708,chlorambucil,7,1,2708.0
CID100002712,chlordiazepoxide,4,1,2712.0
CID100002713,chlorhexidine,1,1,2713.0
CID100002719,chloroquine,5,1,2719.0
CID100002720,thiazide,1,1,2720.0
CID100002725,chlorpheniramine,6,1,2725.0
CID100002726,chlorpromazine,10,1,2726.0
CID100002727,chlorpropamide,0,0,2727.0
CID100002732,chlorthalidone,1,1,2732.0
CID100002733,chlorzoxazone,0,0,2733.0
CID100002749,ciclopirox,0,0,2749.0
CID100002751,cilazapril,6,1,2751.0
CID100002754,cilostazol,5,1,2754.0
CID100002756,cimetidine,1,1,2756.0
CID100002762,cinoxacin,1,1,2762.0
CID100002764,ciprofloxacin,15,1,2764.0
CID100002767,cisplatin,7,1,2767.0
CID100002771,citalopram,23,1,2771.0
CID100002781,clemastine,5,1,2781.0
CID100002786,clindamycin,0,0,2786.0
CID100002789,clobazam,7,1,2789.0
CID100002791,clobetasol,1,1,2791.0
CID100002792,clobetasone,0,0,2792.0
CID100002794,clofazimine,1,1,2794.0
CID100002800,clomiphene,4,1,2800.0
CID100002801,clomipramine,19,1,2801.0
CID100002802,clonazepam,10,1,2802.0
CID100002803,clonidine,7,1,2803.0
CID100002806,clopidogrel,7,1,2806.0
CID100002809,clorazepate,3,1,2809.0
CID100002812,clotrimazole,0,0,2812.0
CID100002818,clozapine,21,1,2818.0
CID100002826,cocaine,2,1,2826.0
CID100002828,codeine,6,1,2828.0
CID100002833,colchicine,3,1,2833.0
CID100002881,sodium,3,1,2881.0
CID100002883,crotamiton,0,0,2883.0
CID100002891,cyanocobalamin,1,1,2891.0
CID100002895,cyclobenzaprine,8,1,2895.0
CID100002905,cyclopentolate,4,1,2905.0
CID100002907,cyclophosphamide,10,1,2907.0
CID100002909,v,11,1,2909.0
CID100002913,cyproheptadine,7,1,2913.0
CID100002914,cyproterone,5,1,2914.0
CID100002949,danazol,7,1,2949.0
CID100002951,dantrolene,2,1,2951.0
CID100002955,dapsone,1,1,2955.0
CID100002958,anthracycline,9,1,2958.0
CID100002972,deferiprone,3,1,2972.0
CID100002973,deferoxamine,5,1,2973.0
CID100002978,delta,4,1,2978.0
CID100002995,desipramine,6,1,2995.0
CID100003000,desoximetasone,0,0,3000.0
CID100003003,dexamethasone,8,1,3003.0
CID100003007,amphetamine,9,1,3007.0
CID100003008,dextromethorphan,1,1,3008.0
CID100003009,DFMO,1,1,3009.0
CID100003015,cyproterone,3,1,3015.0
CID100003016,diazepam,11,1,3016.0
CID100003019,diazoxide,3,1,3019.0
CID100003032,diclofenac,13,1,3032.0
CID100003038,dichlorphenamide,4,1,3038.0
CID100003040,dicloxacillin,4,1,3040.0
CID100003042,dicyclomine,8,1,3042.0
CID100003043,didanosine,2,1,3043.0
CID100003053,diethylenetriaminepentaacetic,0,0,3053.0
CID100003056,diflorasone,0,0,3056.0
CID100003059,diflunisal,4,1,3059.0
CID100003060,epitopic,0,0,3060.0
CID100003062,digoxin,2,1,3062.0
CID100003063,dihydrocodeine,3,1,3063.0
CID100003066,dihydroergotamine,4,1,3066.0
CID100003075,diltiazem,8,1,3075.0
CID100003080,dimercaprol,1,1,3080.0
CID100003100,diphenhydramine,5,1,3100.0
CID100003105,dipivefrin,0,0,3105.0
CID100003108,dipyridamole,6,1,3108.0
CID100003114,disopyramide,5,1,3114.0
CID100003117,disulfiram,4,1,3117.0
CID100003121,valproate,15,1,3121.0
CID100003125,alpha-methyl-p-tyrosine,3,1,3125.0
CID100003143,docetaxel,11,1,3143.0
CID100003148,dolasetron,7,1,3148.0
CID100003151,domperidone,1,1,3151.0
CID100003152,donepezil,11,1,3152.0
CID100003154,dorzolamide,5,1,3154.0
CID100003155,dothiepin,7,1,3155.0
CID100003156,doxapram,3,1,3156.0
CID100003157,doxazosin,12,1,3157.0
CID100003158,doxepin,10,1,3158.0
CID100003168,droperidol,4,1,3168.0
CID100003171,L-threo-DOPS,3,1,3171.0
CID100003182,dyphylline,1,1,3182.0
CID100003198,econazole,0,0,3198.0
CID100003199,trabectedin,4,1,3199.0
CID100003202,edrophonium,1,1,3202.0
CID100003203,efavirenz,11,1,3203.0
CID100003209,eicosapentaenoic,0,0,3209.0
CID100003219,emedastine,0,0,3219.0
CID100003222,CAS,7,1,3222.0
CID100003226,enflurane,1,1,3226.0
CID100003241,epinastine,0,0,3241.0
CID100003249,vitamin,0,0,3249.0
CID100003250,ergonovine,0,0,3250.0
CID100003251,ergotamine,1,1,3251.0
CID100003255,erythromycin,2,1,3255.0
CID100003256,monomycin,1,1,3256.0
CID100003261,estazolam,11,1,3261.0
CID100003263,estradiol,2,1,3263.0
CID100003267,estradiol,2,1,3267.0
CID100003268,estramustine,1,1,3268.0
CID100003269,estriol,1,1,3269.0
CID100003278,ethacrynic,2,1,3278.0
CID100003279,ethambutol,3,1,3279.0
CID100003291,ethosuximide,1,1,3291.0
CID100003292,ethotoin,2,1,3292.0
CID100003305,etidronate,4,1,3305.0
CID100003308,etodolac,8,1,3308.0
CID100003310,etoposide,5,1,3310.0
CID100003324,famciclovir,3,1,3324.0
CID100003325,famotidine,6,1,3325.0
CID100003331,felbamate,9,1,3331.0
CID100003333,felodipine,5,1,3333.0
CID100003339,fenofibrate,2,1,3339.0
CID100003340,fenoldopam,0,0,3340.0
CID100003342,fenoprofen,4,1,3342.0
CID100003345,fentanyl,18,1,3345.0
CID100003348,fexofenadine,0,0,3348.0
CID100003350,finasteride,0,0,3350.0
CID100003354,flavoxate,1,1,3354.0
CID100003355,flecainide,12,1,3355.0
CID100003363,FdUrd,2,1,3363.0
CID100003364,flucloxacillin,1,1,3364.0
CID100003365,fluconazole,5,1,3365.0
CID100003366,5-fluorocytosine,6,1,3366.0
CID100003367,fludarabine,5,1,3367.0
CID100003368,FAMP,5,1,3368.0
CID100003370,fludrocortisone,1,1,3370.0
CID100003372,fluphenazine,4,1,3372.0
CID100003373,flumazenil,6,1,3373.0
CID100003375,flumethasone,0,0,3375.0
CID100003379,flunisolide,3,1,3379.0
CID100003380,flunitrazepam,4,1,3380.0
CID100003381,fluocinolone,0,0,3381.0
CID100003382,fluocinonide,0,0,3382.0
CID100003384,fluorometholone,0,0,3384.0
CID100003385,5-FU,11,1,3385.0
CID100003386,fluoxetine,20,1,3386.0
CID100003387,fluoxymesterone,2,1,3387.0
CID100003388,fluphenazine,10,1,3388.0
CID100003392,flurandrenolone,0,0,3392.0
CID100003393,flurazepam,5,1,3393.0
CID100003394,flurbiprofen,12,1,3394.0
CID100003397,flutamide,2,1,3397.0
CID100003399,fluticasone,0,0,3399.0
CID100003403,fluvastatin,9,1,3403.0
CID100003404,fluvoxamine,18,1,3404.0
CID100003405,folate,2,1,3405.0
CID100003406,4-methylpyrazole,2,1,3406.0
CID100003410,formoterol,3,1,3410.0
CID100003414,foscarnet,11,1,3414.0
CID100003417,fosfomycin,1,1,3417.0
CID100003419,fosinopril,7,1,3419.0
CID100003425,Romidepsin,2,1,3425.0
CID100003440,furosemide,3,1,3440.0
CID100003443,fusidic,0,0,3443.0
CID100003446,gabapentin,20,1,3446.0
CID100003449,galantamine,11,1,3449.0
CID100003454,ganciclovir,11,1,3454.0
CID100003461,gemcitabine,5,1,3461.0
CID100003462,gemeprost,0,0,3462.0
CID100003463,gemfibrozil,6,1,3463.0
CID100003467,gentamicin,5,1,3467.0
CID100003475,gliclazide,10,1,3475.0
CID100003476,glimepiride,7,1,3476.0
CID100003478,glipizide,5,1,3478.0
CID100003488,glibenclamide,5,1,3488.0
CID100003494,glycopyrrolate,3,1,3494.0
CID100003510,granisetron,8,1,3510.0
CID100003512,griseofulvin,3,1,3512.0
CID100003516,guaifenesin,0,0,3516.0
CID100003517,icodextrin,5,1,3517.0
CID100003519,guanfacine,7,1,3519.0
CID100003520,guanidinium,4,1,3520.0
CID100003553,halcinonide,0,0,3553.0
CID100003559,haloperidol,12,1,3559.0
CID100003598,hexachlorophene,0,0,3598.0
CID100003623,homatropine,4,1,3623.0
CID100003636,Buscopan,0,0,3636.0
CID100003637,hydralazine,4,1,3637.0
CID100003639,hydrochlorothiazide,8,1,3639.0
CID100003640,cortisol,8,1,3640.0
CID100003642,hydrocortisone,0,0,3642.0
CID100003647,hydroflumethiazide,0,0,3647.0
CID100003648,hydromorphone,16,1,3648.0
CID100003652,hydroxychloroquine,4,1,3652.0
CID100003657,hydroxyurea,2,1,3657.0
CID100003658,hydroxyzine,2,1,3658.0
CID100003661,atropine,8,1,3661.0
CID100003672,ibuprofen,14,1,3672.0
CID100003675,phenelzine,8,1,3675.0
CID100003676,lidocaine,9,1,3676.0
CID100003685,idarubicin,1,1,3685.0
CID100003687,IdUrd,0,0,3687.0
CID100003690,ifosfamide,13,1,3690.0
CID100003696,imipramine,10,1,3696.0
CID100003702,indapamide,7,1,3702.0
CID100003706,indinavir,7,1,3706.0
CID100003715,indomethacin,10,1,3715.0
CID100003724,iodixanol,8,1,3724.0
CID100003730,iohexol,7,1,3730.0
CID100003734,iopamidol,16,1,3734.0
CID100003736,iopromide,10,1,3736.0
CID100003737,sodium,6,1,3737.0
CID100003738,iotrolan,9,1,3738.0
CID100003739,iodipamide,1,1,3739.0
CID100003741,ioversol,10,1,3741.0
CID100003742,ioxaglate,7,1,3742.0
CID100003743,ioxilan,4,1,3743.0
CID100003746,ipratropium,3,1,3746.0
CID100003749,irbesartan,4,1,3749.0
CID100003750,irinotecan,4,1,3750.0
CID100003759,isocarboxazid,9,1,3759.0
CID100003763,isoflurane,2,1,3763.0
CID100003767,isoniazid,5,1,3767.0
CID100003777,isopropyl,0,0,3777.0
CID100003779,isoproterenol,2,1,3779.0
CID100003780,isosorbide,2,1,3780.0
CID100003783,isoxsuprine,0,0,3783.0
CID100003784,isradipine,3,1,3784.0
CID100003793,itraconazole,6,1,3793.0
CID100003821,ketamine,3,1,3821.0
CID100003823,ketoconazole,1,1,3823.0
CID100003825,ketoprofen,5,1,3825.0
CID100003826,ketorolac,8,1,3826.0
CID100003827,ketotifen,3,1,3827.0
CID100003830,cytokinin,0,0,3830.0
CID100003848,phenyllactate,0,0,3848.0
CID100003869,labetalol,6,1,3869.0
CID100003872,lactulose,0,0,3872.0
CID100003877,lamivudine,7,1,3877.0
CID100003878,lamotrigine,24,1,3878.0
CID100003883,lansoprazole,13,1,3883.0
CID100003890,latanoprost,0,0,3890.0
CID100003899,leflunomide,3,1,3899.0
CID100003902,letrozole,2,1,3902.0
CID100003911,Leuprorelin,6,1,3911.0
CID100003914,levobunolol,5,1,3914.0
CID100003915,levocabastine,0,0,3915.0
CID100003916,levomepromazine,0,0,3916.0
CID100003918,dextrorphan,5,1,3918.0
CID100003928,lincomycin,0,0,3928.0
CID100003929,linezolid,3,1,3929.0
CID100003937,Lisinopril,8,1,3937.0
CID100003938,lisuride,4,1,3938.0
CID100003939,LiOH,11,1,3939.0
CID100003948,lomefloxacin,10,1,3948.0
CID100003950,lomustine,1,1,3950.0
CID100003954,loperamide,1,1,3954.0
CID100003957,loratadine,3,1,3957.0
CID100003958,lorazepam,10,1,3958.0
CID100003961,losartan,9,1,3961.0
CID100003962,lovastatin,7,1,3962.0
CID100003964,loxapine,11,1,3964.0
CID100003998,mafenide,0,0,3998.0
CID100004004,malathion,0,0,4004.0
CID100004011,maprotiline,12,1,4011.0
CID100004030,mebendazole,1,1,4030.0
CID100004031,mebeverine,0,0,4031.0
CID100004032,mecamylamine,5,1,4032.0
CID100004033,nitrogen,0,0,4033.0
CID100004034,monamine,0,0,4034.0
CID100004036,meclofenamate,1,1,4036.0
CID100004042,medroxyprogesterone,12,1,4042.0
CID100004043,medrysone,0,0,4043.0
CID100004044,mefenamic,9,1,4044.0
CID100004046,mefloquine,14,1,4046.0
CID100004048,megestrol,0,0,4048.0
CID100004051,meloxicam,8,1,4051.0
CID100004053,melphalan,3,1,4053.0
CID100004054,memantine,19,1,4054.0
CID100004057,Cantril,1,1,4057.0
CID100004058,meperidine,10,1,4058.0
CID100004060,mephenytoin,5,1,4060.0
CID100004062,mepivacaine,7,1,4062.0
CID100004064,meprobamate,4,1,4064.0
CID100004075,5-ASA,9,1,4075.0
CID100004086,metaproterenol,3,1,4086.0
CID100004091,metformin,5,1,4091.0
CID100004095,methadone,5,1,4095.0
CID100004101,methenamine,0,0,4101.0
CID100004107,methocarbamol,6,1,4107.0
CID100004112,methotrexate,12,1,4112.0
CID100004114,8-MOP,0,0,4114.0
CID100004120,N-methylscopolamine,1,1,4120.0
CID100004121,methyclothiazide,1,1,4121.0
CID100004138,methyldopa,2,1,4138.0
CID100004139,methylene,2,1,4139.0
CID100004140,methylergometrine,2,1,4140.0
CID100004158,methylphenidate,11,1,4158.0
CID100004159,methylprednisolone,9,1,4159.0
CID100004160,methyltestosterone,1,1,4160.0
CID100004163,methysergide,3,1,4163.0
CID100004168,metoclopramide,11,1,4168.0
CID100004170,metolazone,4,1,4170.0
CID100004171,metoprolol,7,1,4171.0
CID100004173,metronidazole,12,1,4173.0
CID100004174,metyrapone,0,0,4174.0
CID100004178,mexiletine,9,1,4178.0
CID100004184,mianserin,6,1,4184.0
CID100004189,miconazole,0,0,4189.0
CID100004192,midazolam,13,1,4192.0
CID100004195,midodrine,2,1,4195.0
CID100004196,mifepristone,0,0,4196.0
CID100004197,milrinone,1,1,4197.0
CID100004201,minoxidil,0,0,4201.0
CID100004205,mirtazapine,19,1,4205.0
CID100004211,mitotane,8,1,4211.0
CID100004212,mitoxantrone,3,1,4212.0
CID100004235,moclobemide,5,1,4235.0
CID100004236,modafinil,11,1,4236.0
CID100004240,mometasone,1,1,4240.0
CID100004248,montelukast,5,1,4248.0
CID100004253,morphine,16,1,4253.0
CID100004259,moxifloxacin,11,1,4259.0
CID100004264,mupirocin,0,0,4264.0
CID100004271,mycophenolate,13,1,4271.0
CID100004272,mycophenolic,10,1,4272.0
CID100004274,tetrofosmin,2,1,4274.0
CID100004409,nabumetone,5,1,4409.0
CID100004411,nadolol,4,1,4411.0
CID100004419,nalbuphine,6,1,4419.0
CID100004421,nalidixic,4,1,4421.0
CID100004422,nalmefene,4,1,4422.0
CID100004425,naloxone,6,1,4425.0
CID100004428,naltrexone,9,1,4428.0
CID100004432,nandrolone,0,0,4432.0
CID100004436,naphazoline,0,0,4436.0
CID100004440,naratriptan,10,1,4440.0
CID100004443,nateglinide,2,1,4443.0
CID100004449,nefazodone,12,1,4449.0
CID100004450,nefopam,1,1,4450.0
CID100004451,nelfinavir,2,1,4451.0
CID100004454,neomycin,0,0,4454.0
CID100004456,neostigmine,5,1,4456.0
CID100004463,nevirapine,2,1,4463.0
CID100004473,nicardipine,5,1,4473.0
CID100004485,nifedipine,8,1,4485.0
CID100004493,nilutamide,3,1,4493.0
CID100004497,nimodipine,0,0,4497.0
CID100004499,nisoldipine,7,1,4499.0
CID100004506,nitrazepam,11,1,4506.0
CID100004509,nitrofurantoin,5,1,4509.0
CID100004510,nitroglycerin,6,1,4510.0
CID100004513,nizatidine,2,1,4513.0
CID100004536,norethisterone,1,1,4536.0
CID100004539,norfloxacin,10,1,4539.0
CID100004542,levonorgestrel,2,1,4542.0
CID100004543,nortriptyline,9,1,4543.0
CID100004547,repaglinide,2,1,4547.0
CID100004568,nystatin,0,0,4568.0
CID100004583,ofloxacin,13,1,4583.0
CID100004585,olanzapine,28,1,4585.0
CID100004594,omeprazole,6,1,4594.0
CID100004595,ondansetron,8,1,4595.0
CID100004599,orlistat,5,1,4599.0
CID100004601,orphenadrine,2,1,4601.0
CID100004603,oseltamivir,5,1,4603.0
CID100004607,oxacillin,0,0,4607.0
CID100004609,oxaliplatin,15,1,4609.0
CID100004614,oxaprozin,8,1,4614.0
CID100004616,oxazepam,7,1,4616.0
CID100004623,oxiconazole,1,1,4623.0
CID100004631,oxprenolol,1,1,4631.0
CID100004634,oxybutynin,9,1,4634.0
CID100004635,oxycodone,12,1,4635.0
CID100004638,oxymetholone,0,0,4638.0
CID100004639,oxymorphone,6,1,4639.0
CID100004649,APAs,2,1,4649.0
CID100004666,paclitaxel,19,1,4666.0
CID100004673,pamidronate,6,1,4673.0
CID100004675,pancuronium,0,0,4675.0
CID100004678,dexpanthenol,1,1,4678.0
CID100004679,pantoprazole,11,1,4679.0
CID100004680,papaverine,0,0,4680.0
CID100004689,paromomycin,0,0,4689.0
CID100004691,paroxetine,26,1,4691.0
CID100004695,isosulfan,0,0,4695.0
CID100004724,penbutolol,1,1,4724.0
CID100004725,penciclovir,3,1,4725.0
CID100004727,D-penicillamine,2,1,4727.0
CID100004730,penicillin,1,1,4730.0
CID100004735,pentamidine,11,1,4735.0
CID100004736,pentazocine,7,1,4736.0
CID100004737,pentobarbital,4,1,4737.0
CID100004739,pentostatin,10,1,4739.0
CID100004740,pentoxifylline,4,1,4740.0
CID100004745,pergolide,16,1,4745.0
CID100004746,perhexiline,8,1,4746.0
CID100004747,propericiazine,7,1,4747.0
CID100004748,perphenazine,8,1,4748.0
CID100004756,phenylazo,1,1,4756.0
CID100004763,phenobarbital,7,1,4763.0
CID100004768,phenoxybenzamine,0,0,4768.0
CID100004771,phentermine,1,1,4771.0
CID100004775,4-PBA,4,1,4775.0
CID100004782,phenylephrine,4,1,4782.0
CID100004786,phenylpropanolamine,4,1,4786.0
CID100004810,moxonidine,0,0,4810.0
CID100004811,physostigmine,1,1,4811.0
CID100004812,vitamin,0,0,4812.0
CID100004819,pilocarpine,6,1,4819.0
CID100004828,pindolol,5,1,4828.0
CID100004829,pioglitazone,0,0,4829.0
CID100004834,piperacillin,1,1,4834.0
CID100004845,pirbuterol,4,1,4845.0
CID100004865,podophyllotoxin,1,1,4865.0
CID100004868,polymyxin,3,1,4868.0
CID100004870,polythiazide,1,1,4870.0
CID100004885,pramipexole,25,1,4885.0
CID100004889,pravastatin,7,1,4889.0
CID100004891,praziquantel,1,1,4891.0
CID100004893,prazosin,3,1,4893.0
CID100004894,prednisolone,6,1,4894.0
CID100004895,prednisolone,6,1,4895.0
CID100004896,prednisolone,4,1,4896.0
CID100004900,prednisone,13,1,4900.0
CID100004906,prilocaine,7,1,4906.0
CID100004908,primaquine,0,0,4908.0
CID100004909,primidone,2,1,4909.0
CID100004911,probenecid,0,0,4911.0
CID100004913,procainamide,2,1,4913.0
CID100004914,procaine,4,1,4914.0
CID100004915,procarbazine,10,1,4915.0
CID100004917,prochlorperazine,11,1,4917.0
CID100004920,progesterone,9,1,4920.0
CID100004923,proguanil,0,0,4923.0
CID100004927,promethazine,9,1,4927.0
CID100004932,propafenone,11,1,4932.0
CID100004934,propantheline,1,1,4934.0
CID100004935,proparacaine,0,0,4935.0
CID100004943,propofol,13,1,4943.0
CID100004946,propranolol,4,1,4946.0
CID100004976,protriptyline,6,1,4976.0
CID100004989,pyrantel,0,0,4989.0
CID100004991,pyridostigmine,4,1,4991.0
CID100004992,mepyramine,0,0,4992.0
CID100004993,pyrimethamine,0,0,4993.0
CID100004999,quazepam,0,0,4999.0
CID100005002,quetiapine,21,1,5002.0
CID100005005,quinapril,3,1,5005.0
CID100005029,rabeprazole,14,1,5029.0
CID100005032,ephedrine,3,1,5032.0
CID100005035,raloxifene,3,1,5035.0
CID100005038,ramipril,10,1,5038.0
CID100005039,ranitidine,4,1,5039.0
CID100005040,rapamycin,7,1,5040.0
CID100005051,rescinnamine,1,1,5051.0
CID100005052,reserpine,3,1,5052.0
CID100005064,ribavirin,14,1,5064.0
CID100005070,riluzole,14,1,5070.0
CID100005071,rimantadine,6,1,5071.0
CID100005073,risperidone,26,1,5073.0
CID100005076,ritonavir,17,1,5076.0
CID100005077,rivastigmine,22,1,5077.0
CID100005078,rizatriptan,10,1,5078.0
CID100005090,rofecoxib,7,1,5090.0
CID100005095,ropinirole,18,1,5095.0
CID100005106,roxithromycin,1,1,5106.0
CID100005152,salmeterol,3,1,5152.0
CID100005155,stavudine,5,1,5155.0
CID100005161,salsalate,0,0,5161.0
CID100005184,scopolamine,3,1,5184.0
CID100005193,secobarbital,4,1,5193.0
CID100005195,deprenyl,23,1,5195.0
CID100005203,sertraline,16,1,5203.0
CID100005206,sevoflurane,5,1,5206.0
CID100005210,sibutramine,13,1,5210.0
CID100005212,sildenafil,10,1,5212.0
CID100005214,silver,0,0,5214.0
CID100005215,sulfadiazine,3,1,5215.0
CID100005238,sodium,0,0,5238.0
CID100005245,risedronate,4,1,5245.0
CID100005248,sodium,0,0,5248.0
CID100005253,sotalol,5,1,5253.0
CID100005257,sparfloxacin,7,1,5257.0
CID100005267,spironolactone,2,1,5267.0
CID100005291,imatinib,8,1,5291.0
CID100005297,streptomycin,1,1,5297.0
CID100005300,streptozotocin,1,1,5300.0
CID100005311,vorinostat,2,1,5311.0
CID100005314,succinylcholine,1,1,5314.0
CID100005318,sulconazole,0,0,5318.0
CID100005320,sulfacetamide,0,0,5320.0
CID100005329,sulfamethoxazole,4,1,5329.0
CID100005333,sulfonamide,0,0,5333.0
CID100005352,sulindac,7,1,5352.0
CID100005358,sumatriptan,16,1,5358.0
CID100005359,suprofen,0,0,5359.0
CID100005372,tacrolimus,16,1,5372.0
CID100005376,tamoxifen,1,1,5376.0
CID100005379,gatifloxacin,8,1,5379.0
CID100005381,tazarotene,0,0,5381.0
CID100005391,temazepam,9,1,5391.0
CID100005394,temozolomide,10,1,5394.0
CID100005396,teniposide,2,1,5396.0
CID100005401,terazosin,6,1,5401.0
CID100005402,terbinafine,2,1,5402.0
CID100005403,terbutaline,2,1,5403.0
CID100005404,terconazole,0,0,5404.0
CID100005407,testolactone,1,1,5407.0
CID100005408,testosterone,7,1,5408.0
CID100005409,testosterone,3,1,5409.0
CID100005410,testosterone,3,1,5410.0
CID100005411,tetracaine,3,1,5411.0
CID100005419,tetrahydrozoline,1,1,5419.0
CID100005426,thalidomide,23,1,5426.0
CID100005430,thiabendazole,2,1,5430.0
CID100005452,thioridazine,7,1,5452.0
CID100005453,thiotepa,9,1,5453.0
CID100005454,thiothixene,6,1,5454.0
CID100005466,tiagabine,14,1,5466.0
CID100005468,tiaprofenic,3,1,5468.0
CID100005470,tibolone,1,1,5470.0
CID100005472,ticlopidine,1,1,5472.0
CID100005478,timolol,5,1,5478.0
CID100005479,tinidazole,6,1,5479.0
CID100005483,tiopronin,0,0,5483.0
CID100005486,tirofiban,0,0,5486.0
CID100005487,tizanidine,10,1,5487.0
CID100005496,tobramycin,4,1,5496.0
CID100005503,tolazamide,0,0,5503.0
CID100005505,tolbutamide,0,0,5505.0
CID100005508,tolmetin,0,0,5508.0
CID100005512,tolterodine,3,1,5512.0
CID100005514,topiramate,27,1,5514.0
CID100005515,topotecan,3,1,5515.0
CID100005516,toremifene,3,1,5516.0
CID100005523,tramadol,17,1,5523.0
CID100005524,tramazoline,0,0,5524.0
CID100005525,trandolapril,4,1,5525.0
CID100005526,tranexamic,2,1,5526.0
CID100005530,tranylcypromine,10,1,5530.0
CID100005533,trazodone,11,1,5533.0
CID100005538,retinoic,11,1,5538.0
CID100005544,triamcinolone,6,1,5544.0
CID100005546,triamterene,0,0,5546.0
CID100005556,triazolam,9,1,5556.0
CID100005564,triclosan,0,0,5564.0
CID100005565,trien,0,0,5565.0
CID100005566,trifluoperazine,8,1,5566.0
CID100005572,trihexyphenidyl,3,1,5572.0
CID100005576,trimethadione,2,1,5576.0
CID100005577,trimethobenzamide,2,1,5577.0
CID100005578,trimethoprim,9,1,5578.0
CID100005582,trimetrexate,1,1,5582.0
CID100005584,trimipramine,6,1,5584.0
CID100005591,troglitazone,2,1,5591.0
CID100005593,tropicamide,1,1,5593.0
CID100005595,tropisetron,2,1,5595.0
CID100005596,trospium,4,1,5596.0
CID100005625,delavirdine,10,1,5625.0
CID100005636,unoprostone,0,0,5636.0
CID100005645,UDCA,6,1,5645.0
CID100005647,VACV,7,1,5647.0
CID100005650,valsartan,3,1,5650.0
CID100005651,Vancocine,0,0,5651.0
CID100005656,venlafaxine,22,1,5656.0
CID100005665,vigabatrin,15,1,5665.0
CID100005672,vinorelbine,3,1,5672.0
CID100005717,zafirlukast,1,1,5717.0
CID100005718,zalcitabine,13,1,5718.0
CID100005719,zaleplon,14,1,5719.0
CID100005721,zanamivir,5,1,5721.0
CID100005726,zidovudine,7,1,5726.0
CID100005727,ZnCl2,0,0,5727.0
CID100005731,zolmitriptan,11,1,5731.0
CID100005732,zolpidem,12,1,5732.0
CID100005734,zonisamide,20,1,5734.0
CID100005735,zopiclone,14,1,5735.0
CID100005746,mitomycin,3,1,5746.0
CID100005771,oxytocin,3,1,5771.0
CID100005775,phentolamine,1,1,5775.0
CID100005877,demethyl,5,1,5877.0
CID100005878,oxandrolone,0,0,5878.0
CID100005939,biguanide,0,0,5939.0
CID100005978,vincristine,8,1,5978.0
CID100006018,tetrabenazine,7,1,6018.0
CID100006049,EDTA,3,1,6049.0
CID100006058,cysteamine,5,1,6058.0
CID100006116,calcium,3,1,6116.0
CID100006238,17-hydroxyprogesterone,0,0,6238.0
CID100006256,trifluorothymidine,0,0,6256.0
CID100006432,Optison,7,1,6432.0
CID100006436,triamcinolone,7,1,6436.0
CID100006451,bromcresol,0,0,6451.0
CID100006468,phencyclidine,2,1,6468.0
CID100006476,methsuximide,2,1,6476.0
CID100006503,tris,0,0,6503.0
CID100006726,cyclizine,4,1,6726.0
CID100007012,phenylbutyric,4,1,7012.0
CID100007029,diethylpropion,4,1,7029.0
CID100007187,benzoyl,0,0,7187.0
CID100007638,monobenzone,0,0,7638.0
CID100007699,benzonatate,4,1,7699.0
CID100008197,tetraen,0,0,8197.0
CID100008230,argenine,1,1,8230.0
CID100008612,chloroprocaine,4,1,8612.0
CID100008982,nafcillin,0,0,8982.0
CID100009034,methohexital,2,1,9034.0
CID100009354,dimercaptosuccinic,2,1,9354.0
CID100009433,aminophylline,2,1,9433.0
CID100009904,nandrolone,0,0,9904.0
CID100010100,propoxyphene,6,1,10100.0
CID100010340,sodium,0,0,10340.0
CID100010413,hydroxybutyrate,13,1,10413.0
CID100010547,echothiophate,0,0,10547.0
CID100010631,medroxyprogesterone,6,1,10631.0
CID100010660,dimenhydrinate,0,0,10660.0
CID100011125,lithium,13,1,11125.0
CID100011973,Brolene,0,0,11973.0
CID100012453,zuclopenthixol,11,1,12453.0
CID100012460,phendimetrazine,1,1,12460.0
CID100012536,desonide,0,0,12536.0
CID100012555,benzydamine,0,0,12555.0
CID100012559,erythromycin,2,1,12559.0
CID100012597,isomannide,7,1,12597.0
CID100012620,Tadenan,0,0,12620.0
CID100013314,lormetazepam,6,1,13314.0
CID100013342,vinblastine,4,1,13342.0
CID100014789,ferumoxytol,3,1,14789.0
CID100014888,arsenic,6,1,14888.0
CID100014917,fluoride,0,0,14917.0
CID100015232,benzathine,7,1,15232.0
CID100015459,metaxalone,0,0,15459.0
CID100016124,methylene,0,0,16124.0
CID100016230,amiloride,6,1,16230.0
CID100016362,pimozide,13,1,16362.0
CID100016533,betamethasone,1,1,16533.0
CID100016850,fluorescein,5,1,16850.0
CID100016886,5-aza-2'-deoxycytidine,1,1,16886.0
CID100017358,SonoVue,2,1,17358.0
CID100018140,estramustine,0,0,18140.0
CID100019090,megestrol,4,1,19090.0
CID100020585,choline,1,1,20585.0
CID100020969,clocortolone,0,0,20969.0
CID100021800,betamethasone,1,1,21800.0
CID100021945,methenamine,0,0,21945.0
CID100022258,hydrocodone,3,1,22258.0
CID100022318,gold,8,1,22318.0
CID100022502,procaine,1,1,22502.0
CID100023703,ogen,3,1,23703.0
CID100023897,molindone,4,1,23897.0
CID100023925,Fe(III,5,1,23925.0
CID100023926,lanthanum,0,0,23926.0
CID100023951,samarium,1,1,23951.0
CID100023954,silver,0,0,23954.0
CID100023957,technetium-99m,3,1,23957.0
CID100023976,chromium,2,1,23976.0
CID100023978,copper,0,0,23978.0
CID100023982,gadolinium,9,1,23982.0
CID100023993,yttrium,0,0,23993.0
CID100023994,zinc,0,0,23994.0
CID100024087,selenium,0,0,24087.0
CID100024414,barium,0,0,24414.0
CID100024424,zinc,0,0,24424.0
CID100024450,potassium,4,1,24450.0
CID100024642,TlCl,1,1,24642.0
CID100024706,Triphasil,0,0,24706.0
CID100024748,glucose,3,1,24748.0
CID100024841,iodide,2,1,24841.0
CID100025419,clodronate,0,0,25419.0
CID100025959,Prussian,0,0,25959.0
CID100027304,HMDP,0,0,27304.0
CID100027400,pizotifen,1,1,27400.0
CID100027661,isosorbide-5-mononitrate,9,1,27661.0
CID100027991,desmopressin,7,1,27991.0
CID100027993,conjugated,6,1,27993.0
CID100028332,propoxyphene,1,1,28332.0
CID100028486,lithium,11,1,28486.0
CID100029089,chlorhexidine,1,1,29089.0
CID100030623,dexrazoxane,3,1,30623.0
CID100031072,carbimazole,0,0,31072.0
CID100031264,paraldehyde,2,1,31264.0
CID100031378,fludrocortisone,1,1,31378.0
CID100031477,metipranolol,0,0,31477.0
CID100032169,articaine,5,1,32169.0
CID100032281,Protirelin,5,1,32281.0
CID100032603,clindamycin,0,0,32603.0
CID100032797,clobetasol,1,1,32797.0
CID100032800,Asp-Tyr(SO3H)-Met-Gly-Trp-Met-Asp-Phe-NH2,2,1,32800.0
CID100034312,oxcarbazepine,13,1,34312.0
CID100036339,etomidate,2,1,36339.0
CID100036523,gonadorelin,0,0,36523.0
CID100036811,dobutamine,0,0,36811.0
CID100037392,halofantrine,3,1,37392.0
CID100037720,pentosan,2,1,37720.0
CID100038904,carboplatin,4,1,38904.0
CID100039042,bezafibrate,0,0,39042.0
CID100039507,rimexolone,0,0,39507.0
CID100039524,stiripentol,1,1,39524.0
CID100039764,vecuronium,0,0,39764.0
CID100039860,nabilone,10,1,39860.0
CID100040159,permethrin,1,1,40159.0
CID100040632,pirfenidone,0,0,40632.0
CID100040703,pinaverium,0,0,40703.0
CID100040973,desogestrel,0,0,40973.0
CID100040976,Implanon,2,1,40976.0
CID100041317,acitretin,2,1,41317.0
CID100041684,nitazoxanide,3,1,41684.0
CID100041693,sufentanil,2,1,41693.0
CID100041744,valrubicin,0,0,41744.0
CID100041774,acarbose,0,0,41774.0
CID100041781,torasemide,2,1,41781.0
CID100042113,desflurane,3,1,42113.0
CID100042395,Westcort,0,0,42395.0
CID100042615,Supremon,6,1,42615.0
CID100042955,misoprostol,4,1,42955.0
CID100044563,lodoxamide,0,0,44563.0
CID100044564,lodoxamide,0,0,44564.0
CID100045469,sodium,0,0,45469.0
CID100047319,atracurium,3,1,47319.0
CID100047320,cisatracurium,1,1,47320.0
CID100047419,cefuroxime,1,1,47419.0
CID100047471,butoconazole,0,0,47471.0
CID100047528,nicorandil,3,1,47528.0
CID100047640,naftifine,0,0,47640.0
CID100047725,Goserelin,4,1,47725.0
CID100050294,nedocromil,1,1,50294.0
CID100050614,cefotetan,1,1,50614.0
CID100051263,alfentanil,7,1,51263.0
CID100051577,miglitol,0,0,51577.0
CID100051634,miglustat,9,1,51634.0
CID100052421,prednicarbate,1,1,52421.0
CID100054158,mebrofenin,0,0,54158.0
CID100054313,iloprost,2,1,54313.0
CID100054331,fosfomycin,1,1,54331.0
CID100054373,Octreotide,8,1,54373.0
CID100054454,simvastatin,8,1,54454.0
CID100054547,cefpodoxime,6,1,54547.0
CID100054688,clarithromycin,7,1,54688.0
CID100054786,treprostinil,3,1,54786.0
CID100054808,loteprednol,0,0,54808.0
CID100054840,atomoxetine,9,1,54840.0
CID100054949,NSC,2,1,54949.0
CID100055331,moexiprilat,2,1,55331.0
CID100055466,Gd-DTPA,8,1,55466.0
CID100055480,milnacipran,7,1,55480.0
CID100056338,fosphenytoin,17,1,56338.0
CID100056959,ranolazine,6,1,56959.0
CID100057166,Photofrin,1,1,57166.0
CID100057469,imiquimod,6,1,57469.0
CID100057537,rotigotine,6,1,57537.0
CID100057697,pemirolast,0,0,57697.0
CID100059708,levetiracetam,10,1,59708.0
CID100059768,esmolol,7,1,59768.0
CID100060146,tamsulosin,3,1,60146.0
CID100060164,adapalene,1,1,60164.0
CID100060172,adefovir,0,0,60172.0
CID100060183,perindopril,8,1,60183.0
CID100060184,perindopril,5,1,60184.0
CID100060198,exemestane,3,1,60198.0
CID100060490,zileuton,1,1,60490.0
CID100060496,amlodipine,7,1,60496.0
CID100060612,dexmedetomidine,5,1,60612.0
CID100060613,cidofovir,13,1,60613.0
CID100060668,etoposide,3,1,60668.0
CID100060695,rocuronium,0,0,60695.0
CID100060706,meropenem,6,1,60706.0
CID100060714,gadoteridol,6,1,60714.0
CID100060726,bromfenac,0,0,60726.0
CID100060751,mTHPC,0,0,60751.0
CID100060752,ibutilide,2,1,60752.0
CID100060754,gadodiamide,10,1,60754.0
CID100060787,saquinavir,9,1,60787.0
CID100060795,aripiprazole,31,1,60795.0
CID100060814,remifentanil,10,1,60814.0
CID100060830,tiotropium,3,1,60830.0
CID100060834,duloxetine,10,1,60834.0
CID100060843,pemetrexed,5,1,60843.0
CID100060852,ibandronate,4,1,60852.0
CID100060853,ziprasidone,23,1,60853.0
CID100060860,metaiodobenzylguanidine,0,0,60860.0
CID100060864,olopatadine,0,0,60864.0
CID100060867,levosimendan,0,0,60867.0
CID100060871,adefovir,0,0,60871.0
CID100060877,emtricitabine,2,1,60877.0
CID100060878,eprosartan,6,1,60878.0
CID100060936,tiludronate,0,0,60936.0
CID100060953,capecitabine,16,1,60953.0
CID100061475,sodium,0,0,61475.0
CID100061799,monomethylfumarate,0,0,61799.0
CID100062305,doxycycline,0,0,62305.0
CID100062358,ammonium,0,0,62358.0
CID100062816,colestipol,0,0,62816.0
CID100062819,Metrodin,3,1,62819.0
CID100062924,fluticasone,1,1,62924.0
CID100062956,fosinoprilat,6,1,62956.0
CID100062959,trovafloxacin,10,1,62959.0
CID100062965,beclomethasone,0,0,62965.0
CID100063001,benazeprilat,3,1,63001.0
CID100064147,valganciclovir,9,1,64147.0
CID100064778,Meropenem,5,1,64778.0
CID100064929,fenofibric,0,0,64929.0
CID100064987,tenofovir,1,1,64987.0
CID100065014,AMD3100,3,1,65014.0
CID100065157,testosterone,6,1,65157.0
CID100065281,CAS,0,0,65281.0
CID100065370,Glat,11,1,65370.0
CID100065628,bendamustine,0,0,65628.0
CID100065840,colestimide,1,1,65840.0
CID100065856,reboxetine,6,1,65856.0
CID100065863,sertaconazole,0,0,65863.0
CID100065866,lercanidipine,5,1,65866.0
CID100065999,telmisartan,5,1,65999.0
CID100068613,atosiban,0,0,68613.0
CID100068740,zoledronic,6,1,68740.0
CID100068844,brinzolamide,5,1,68844.0
CID100069512,malvidin,3,1,69512.0
CID100071158,acamprosate,9,1,71158.0
CID100071273,ropivacaine,13,1,71273.0
CID100071301,nebivolol,3,1,71301.0
CID100071316,mivacurium,0,0,71316.0
CID100071329,dofetilide,3,1,71329.0
CID100071348,lanreotide,2,1,71348.0
CID100071360,iloperidone,9,1,71360.0
CID100071362,Hoe,0,0,71362.0
CID100071406,TPGS,0,0,71406.0
CID100071436,Lutalyse,4,1,71436.0
CID100071469,erythromycin,0,0,71469.0
CID100071616,voriconazole,19,1,71616.0
CID100072022,perindoprilat,0,0,72022.0
CID100072054,darifenacin,3,1,72054.0
CID100072081,Terlipressin,0,0,72081.0
CID100072111,rifaximin,6,1,72111.0
CID100072466,bleomycin,2,1,72466.0
CID100072938,gemifloxacin,4,1,72938.0
CID100073303,doripenem,1,1,73303.0
CID100073658,telithromycin,5,1,73658.0
CID100074989,atovaquone,0,0,74989.0
CID100077992,frovatriptan,8,1,77992.0
CID100077993,eletriptan,10,1,77993.0
CID100077996,paricalcitol,6,1,77996.0
CID100077997,MK-462,5,1,77997.0
CID100077998,rosiglitazone,0,0,77998.0
CID100078032,Vallergan,7,1,78032.0
CID100082146,bexarotene,8,1,82146.0
CID100082148,agomelatine,2,1,82148.0
CID100083030,Ge-132,16,1,83030.0
CID100083513,barium,0,0,83513.0
CID100083606,strontium,0,0,83606.0
CID100084003,ketorolac,8,1,84003.0
CID100091488,fluocinolone,0,0,91488.0
CID100093860,bortezomib,28,1,93860.0
CID100096312,nelarabine,18,1,96312.0
CID100102258,rasburicase,0,0,102258.0
CID100102399,dextran,0,0,102399.0
CID100104741,ICI,1,1,104741.0
CID100104758,raltitrexed,0,0,104758.0
CID100104778,levodopa/carbidopa,11,1,104778.0
CID100104799,fotemustine,1,1,104799.0
CID100104849,rimonabant,4,1,104849.0
CID100104865,bosentan,4,1,104865.0
CID100105145,68Ga,4,1,105145.0
CID100107694,Diane-35,0,0,107694.0
CID100107969,FTY720,3,1,107969.0
CID100107994,quinaprilat,3,1,107994.0
CID100110634,vardenafil,8,1,110634.0
CID100110635,tadalafil,7,1,110635.0
CID100114709,eslicarbazepine,4,1,114709.0
CID100115237,paliperidone,21,1,115237.0
CID100115355,NTBC,2,1,115355.0
CID100119182,clofarabine,3,1,119182.0
CID100119212,benzylpenicilloyl,0,0,119212.0
CID100119607,valdecoxib,11,1,119607.0
CID100119828,parecoxib,0,0,119828.0
CID100119830,tenofovir,2,1,119830.0
CID100121396,N-carbamylglutamate,0,0,121396.0
CID100121749,ustekinumab,1,1,121749.0
CID100121892,retigabine,12,1,121892.0
CID100122197,FP-CIT,1,1,122197.0
CID100122316,rasagiline,16,1,122316.0
CID100123015,SU5416,2,1,123015.0
CID100123597,travoprost,0,0,123597.0
CID100123606,almotriptan,8,1,123606.0
CID100123610,Eptifibatide,1,1,123610.0
CID100123611,fondaparinux,3,1,123611.0
CID100123619,etoricoxib,4,1,123619.0
CID100123620,mometasone,1,1,123620.0
CID100123623,Cancidas,4,1,123623.0
CID100123631,gefitinib,0,0,123631.0
CID100123634,Trisequens,1,1,123634.0
CID100123809,Madopar,6,1,123809.0
CID100124087,desloratadine,3,1,124087.0
CID100125017,desvenlafaxine,5,1,125017.0
CID100125889,pregabalin,27,1,125889.0
CID100127909,bimatoprost,0,0,127909.0
CID100128549,trandolaprilat,3,1,128549.0
CID100129228,rufinamide,6,1,129228.0
CID100129806,rosuvastatin,6,1,129806.0
CID100130564,esomeprazole,4,1,130564.0
CID100130881,olmesartan,0,0,130881.0
CID100131535,fosamprenavir,1,1,131535.0
CID100132804,pitavastatin,4,1,132804.0
CID100132971,abiraterone,0,0,132971.0
CID100132999,ivabradine,2,1,132999.0
CID100134018,febuxostat,3,1,134018.0
CID100134019,pixantrone,3,1,134019.0
CID100134780,pomalidomide,4,1,134780.0
CID100135113,sacrosidase,0,0,135113.0
CID100145068,nitric,1,1,145068.0
CID100147740,drospirenone,0,0,147740.0
CID100147912,posaconazole,14,1,147912.0
CID100148121,pralatrexate,0,0,148121.0
CID100148127,ospemifene,0,0,148127.0
CID100148191,temsirolimus,1,1,148191.0
CID100148192,atazanavir,6,1,148192.0
CID100148211,palonosetron,4,1,148211.0
CID100150310,eplerenone,4,1,150310.0
CID100150311,ezetimibe,6,1,150311.0
CID100150610,ertapenem,10,1,150610.0
CID100151075,nepafenac,0,0,151075.0
CID100151165,aprepitant,9,1,151165.0
CID100151171,conivaptan,1,1,151171.0
CID100152945,dutasteride,0,0,152945.0
CID100153941,entecavir,1,1,153941.0
CID100153994,clevidipine,0,0,153994.0
CID100154058,solifenacin,2,1,154058.0
CID100154256,bazedoxifene,0,0,154256.0
CID100156326,asenapine,9,1,156326.0
CID100156418,cinacalcet,2,1,156418.0
CID100157429,gadopentetate,6,1,157429.0
CID100157688,vinflunine,12,1,157688.0
CID100157920,lubiprostone,4,1,157920.0
CID100157921,methyl,1,1,157921.0
CID100158781,olmesartan,2,1,158781.0
CID100158786,pegaptanib,0,0,158786.0
CID100159247,sevelamer,0,0,159247.0
CID100160036,MnDPDP,0,0,160036.0
CID100160051,colesevelam,1,1,160051.0
CID100160352,zidovudine/lamivudine,7,1,160352.0
CID100163296,tipranavir,1,1,163296.0
CID100166548,Anidulafungin,2,1,166548.0
CID100168625,poly(styrene,0,0,168625.0
CID100168924,lanthanum,0,0,168924.0
CID100170361,varenicline,6,1,170361.0
CID100171558,Kaluril,4,1,171558.0
CID100176870,erlotinib,3,1,176870.0
CID100179344,eslicarbazepine,14,1,179344.0
CID100185457,S-benzoylmercaptoacetyltriglycine,1,1,185457.0
CID100192155,Prednefrin,0,0,192155.0
CID100193962,etravirine,8,1,193962.0
CID100197281,gadobenate,6,1,197281.0
CID100197712,ambrisentan,2,1,197712.0
CID100206527,L-Dmp,22,1,206527.0
CID100208898,dronedarone,0,0,208898.0
CID100208902,ramelteon,0,0,208902.0
CID100208908,lapatinib,2,1,208908.0
CID100208920,NuvaRing,1,1,208920.0
CID100213023,dabigatran,2,1,213023.0
CID100213039,darunavir,10,1,213039.0
CID100213046,lurasidone,13,1,213046.0
CID100214339,luliconazole,0,0,214339.0
CID100216209,aliskiren,3,1,216209.0
CID100216210,dabigatran,0,0,216210.0
CID100216235,sitaxsentan,6,1,216235.0
CID100216237,tolvaptan,2,1,216237.0
CID100216239,sorafenib,5,1,216239.0
CID100216258,Colimycin,2,1,216258.0
CID100216326,lenalidomide,10,1,216326.0
CID100216416,lasofoxifene,4,1,216416.0
CID100219024,regadenoson,5,1,219024.0
CID100219078,lacosamide,10,1,219078.0
CID100219084,Gd-EOB-DTPA,2,1,219084.0
CID100219090,fosaprepitant,1,1,219090.0
CID100222786,cortisone,1,1,222786.0
CID100315411,18F-FDG,0,0,315411.0
CID100358641,trimethoprim-sulfamethoxazole,4,1,358641.0
CID100441332,carboprost,3,1,441332.0
CID100441382,natamycin,1,1,441382.0
CID100443379,CAS,6,1,443379.0
CID100444006,cefditoren,1,1,444006.0
CID100444013,gadoversetamide,9,1,444013.0
CID100444033,ciclesonide,0,0,444033.0
CID100449193,roflumilast,1,1,449193.0
CID100455658,hemin,0,0,455658.0
CID100477468,FK463,5,1,477468.0
CID100483407,maraviroc,14,1,483407.0
CID100489129,efinaconazole,0,0,489129.0
CID100517045,sodium,3,1,517045.0
CID100644241,nilotinib,7,1,644241.0
CID100656628,silodosin,2,1,656628.0
CID100656892,TMC207,0,0,656892.0
CID100657298,propylthiouracil,2,1,657298.0
CID100667490,6-mercaptopurine,0,0,667490.0
CID101349907,methimazole,3,1,1349907.0
CID102723601,6-thioguanine,0,0,2723601.0
CID102761171,ethionamide,1,1,2761171.0
CID103006171,rilpivirine,0,0,3006171.0
CID103010818,d-telaprevir,2,1,3010818.0
CID103038497,fospropofol,1,1,3038497.0
CID103052762,prucalopride,1,1,3052762.0
CID103055172,pimecrolimus,1,1,3055172.0
CID103062316,dasatinib,8,1,3062316.0
CID103080904,Estrofem,2,1,3080904.0
CID103081276,fluticasone/salmeterol,1,1,3081276.0
CID103081361,vandetanib,6,1,3081361.0
CID103081362,telavancin,3,1,3081362.0
CID103081884,copolymer,16,1,3081884.0
CID103085017,sevelamer,0,0,3085017.0
CID103086257,Photofrin,3,1,3086257.0
CID103086685,axitinib,1,1,3086685.0
CID103086686,sunitinib,4,1,3086686.0
CID103325225,ALX,0,0,3325225.0
CID104369359,sitagliptin,1,1,4369359.0
CID104474778,2-hydroxysuccinaldehyde,1,1,4474778.0
CID104479094,doxercalciferol,1,1,4479094.0
CID104479097,hydroxocobalamin,1,1,4479097.0
CID104517618,sodium,2,1,4517618.0
CID104630253,alclometasone,0,0,4630253.0
CID104659568,entacapone,9,1,4659568.0
CID104659569,tolcapone,13,1,4659569.0
CID105001396,warfarin,4,1,5001396.0
CID105251896,vildagliptin,1,1,5251896.0
CID105273759,abacavir-lamivudine,2,1,5273759.0
CID105277135,elvitegravir,1,1,5277135.0
CID105281007,dacarbazine,3,1,5281007.0
CID105310993,acipimox,0,0,5310993.0
CID105311167,halobetasol,1,1,5311167.0
CID105327147,polyoxyethylene,0,0,5327147.0
CID105328940,bosutinib,0,0,5328940.0
CID105353894,pralidoxime,0,0,5353894.0
CID105353980,sulfasalazine,7,1,5353980.0
CID105359596,arsenic,7,1,5359596.0
CID105360237,Paroven,0,0,5360237.0
CID105361912,rifabutin,3,1,5361912.0
CID105361917,methylnaltrexone,0,0,5361917.0
CID105362070,balsalazide,0,0,5362070.0
CID105362420,verteporfin,2,1,5362420.0
CID105381226,rifampicin,2,1,5381226.0
CID105462337,olsalazine,3,1,5462337.0
CID105464096,ramiprilat,8,1,5464096.0
CID105479141,CGP,5,1,5479141.0
CID105487068,Mersyndol,4,1,5487068.0
CID105487301,tegaserod,2,1,5487301.0
CID105488383,ofatumumab,0,0,5488383.0
CID105488547,alvimopan,0,0,5488547.0
CID105493381,deferasirox,0,0,5493381.0
CID106102852,gadobutrol,2,1,6102852.0
CID106323497,rifapentine,6,1,6323497.0
CID106326970,selenium,0,0,6326970.0
CID106328144,radium,0,0,6328144.0
CID106328526,AC1O3HA7,2,1,6328526.0
CID106331630,eribulin,7,1,6331630.0
CID106333887,auranofin,1,1,6333887.0
CID106398970,cefdinir,3,1,6398970.0
CID106433082,hexaminolevulinate,0,0,6433082.0
CID106433091,tapentadol,8,1,6433091.0
CID106433101,tafluprost,0,0,6433101.0
CID106433117,indacaterol,2,1,6433117.0
CID106433119,rivaroxaban,2,1,6433119.0
CID106435110,ivermectin,5,1,6435110.0
CID106437075,Timentin,1,1,6437075.0
CID106440191,fidaxomicin,0,0,6440191.0
CID106442177,everolimus,6,1,6442177.0
CID106445540,ixabepilone,12,1,6445540.0
CID106452749,Locorten,0,0,6452749.0
CID106453361,Sativex,5,1,6453361.0
CID106477186,delamanid,4,1,6477186.0
CID106850789,iron,3,1,6850789.0
CID106850791,leuprorelin,10,1,6850791.0
CID106918182,strontium,4,1,6918182.0
CID106918313,vilazodone,3,1,6918313.0
CID106918366,fosaprepitant,3,1,6918366.0
CID106918430,ceftobiprole,1,1,6918430.0
CID106918456,prasugrel,0,0,6918456.0
CID106918462,retapamulin,0,0,6918462.0
CID106918558,fesoterodine,1,1,6918558.0
CID106918584,sugammadex,0,0,6918584.0
CID106918638,belinostat,0,0,6918638.0
CID106918670,PEP005,0,0,6918670.0
CID109794842,tasimelteon,0,0,9794842.0
CID109800339,olodaterol,0,0,9800339.0
CID109810131,ceftaroline,1,1,9810131.0
CID109811221,cabazitaxel,4,1,9811221.0
CID109812414,dalteparin,4,1,9812414.0
CID109815559,trans,3,1,9815559.0
CID109818231,tofacitinib,1,1,9818231.0
CID109825285,azilsartan,0,0,9825285.0
CID109831414,Lovaza,2,1,9831414.0
CID109831761,irbesartan-hydrochlorothiazide,4,1,9831761.0
CID109831783,Stalevo,11,1,9831783.0
CID109846180,eltrombopag,1,1,9846180.0
CID109853053,lomitapide,1,1,9853053.0
CID109854489,fluticasone,1,1,9854489.0
CID109865528,mirabegron,0,0,9865528.0
CID109869929,avanafil,1,1,9869929.0
CID109871419,ticagrelor,4,1,9871419.0
CID109887712,dapagliflozin,0,0,9887712.0
CID109898619,Depreotide,0,0,9898619.0
CID109912092,apremilast,0,0,9912092.0
CID109924495,perampanel,4,1,9924495.0
CID109930048,vernakalant,3,1,9930048.0
CID109940864,Benicar-HCT,0,0,9940864.0
CID109941444,SOM230,0,0,9941444.0
CID109966051,Lu,0,0,9966051.0
CID110028615,vorapaxar,0,0,10028615.0
CID110096344,linagliptin,0,0,10096344.0
CID110107393,18F-flutemetamol,0,0,10107393.0
CID110113978,pazopanib,6,1,10113978.0
CID110163178,afatinib,0,0,10163178.0
CID110178705,besifloxacin,0,0,10178705.0
CID110182969,apixaban,2,1,10182969.0
CID110324367,boceprevir,10,1,10324367.0
CID110465263,lorcaserin,3,1,10465263.0
CID110482134,glycerol,0,0,10482134.0
CID111001318,tafamidis,0,0,11001318.0
CID111020241,ascorbate,2,1,11020241.0
CID111163584,alogliptin,0,0,11163584.0
CID111167602,regorafenib,2,1,11167602.0
CID111228026,aclidinium,0,0,11228026.0
CID111234049,TR-700,2,1,11234049.0
CID111235728,Saxagliptin,0,0,11235728.0
CID111238823,azilsartan,0,0,11238823.0
CID111254352,sodium,4,1,11254352.0
CID111304743,riociguat,0,0,11304743.0
CID111499245,AN2690,0,0,11499245.0
CID111501341,florbetaben,0,0,11501341.0
CID111505907,Zyprexa,17,1,11505907.0
CID111519069,umeclidinium,0,0,11519069.0
CID111531537,eliglustat,0,0,11531537.0
CID111556711,Carfilzomib,3,1,11556711.0
CID111593706,sevelamer,0,0,11593706.0
CID111597571,crizotinib,7,1,11597571.0
CID111597697,lisdexamfetamine,3,1,11597697.0
CID111672461,gadofosveset,3,1,11672461.0
CID111707110,trametinib,0,0,11707110.0
CID111722286,spinosad,0,0,11722286.0
CID111947681,nitroprusside,0,0,11947681.0
CID111949646,empagliflozin,3,1,11949646.0
CID111979316,vasopressin,1,1,11979316.0
CID113559279,ulipristal,0,0,13559279.0
CID115951529,MDV3100,5,1,15951529.0
CID116004692,macitentan,0,0,16004692.0
CID116065945,TMC435,0,0,16065945.0
CID116126651,PCI-32765,1,1,16126651.0
CID116129616,salmon,6,1,16129616.0
CID116129617,cosyntropin,1,1,16129617.0
CID116129629,LY146032,8,1,16129629.0
CID116129632,Nuvocid,0,0,16129632.0
CID116129665,Vitrum,4,1,16129665.0
CID116129672,Insulin,10,1,16129672.0
CID116129682,Forteo,2,1,16129682.0
CID116129690,ziconotide,16,1,16129690.0
CID116129701,T-A2-3,1,1,16129701.0
CID116129703,Revasc,1,1,16129703.0
CID116129704,Bivalirudin,3,1,16129704.0
CID116130199,Enfuvirtide,5,1,16130199.0
CID116130295,BPTI,2,1,16130295.0
CID116130957,Org,0,0,16130957.0
CID116131215,Abarelix,0,0,16131215.0
CID116131310,hepatitis,11,1,16131310.0
CID116132265,ACTH(1-39,1,1,16132265.0
CID116132283,glucagon,1,1,16132283.0
CID116132344,oCRH,2,1,16132344.0
CID116132418,NovoLog,6,1,16132418.0
CID116132438,Humalog,2,1,16132438.0
CID116132441,Refludan,2,1,16132441.0
CID116132446,Symlin,0,0,16132446.0
CID116134956,liraglutide,0,0,16134956.0
CID116136245,degarelix,0,0,16136245.0
CID116137271,insulin,12,1,16137271.0
CID116139342,Lyxumia,0,0,16139342.0
CID116139605,teduglutide,3,1,16139605.0
CID116156130,exenatide,4,1,16156130.0
CID116158207,linaclotide,0,0,16158207.0
CID116158473,o291,3,1,16158473.0
CID116213095,pentastarch,0,0,16213095.0
CID116220172,ivacaftor,0,0,16220172.0
CID117754772,ruxolitinib,0,0,17754772.0
CID119371515,alcaftadine,0,0,19371515.0
CID122834577,nesiritide,0,0,22834577.0
CID123668479,raltegravir,9,1,23668479.0
CID123689036,pertechnetate,0,0,23689036.0
CID123690938,piroxicam,10,1,23690938.0
CID124762228,Azarga,0,0,24762228.0
CID124776445,vismodegib,0,0,24776445.0
CID124812758,canagliflozin,3,1,24812758.0
CID124822371,florbetapir,0,0,24822371.0
CID124826799,ponatinib,2,1,24826799.0
CID124838347,glucagon,0,0,24838347.0
CID124846132,hetastarch,0,0,24846132.0
CID124950485,cobicistat,0,0,24950485.0
CID124965990,suvorexant,0,0,24965990.0
CID125074470,Triptorelin,5,1,25074470.0
CID125074886,cetrorelix,0,0,25074886.0
CID125077405,Nafarelin,2,1,25077405.0
CID125077993,Histrelin,3,1,25077993.0
CID125094462,sofosbuvir,1,1,25094462.0
CID125102847,cabozantinib,10,1,25102847.0
CID125880656,doxycycline,2,1,25880656.0
CID125880664,tetracycline,0,0,25880664.0
CID126275995,minocycline,5,1,26275995.0
CID140468184,acenocoumarol,0,0,40468184.0
CID142611257,vemurafenib,1,1,42611257.0
CID144134877,oxytetracycline,0,0,44134877.0
CID144146714,Lantus,3,1,44146714.0
CID144201342,tesamorelin,2,1,44201342.0
CID144201343,ecallantide,0,0,44201343.0
CID144462760,dabrafenib,0,0,44462760.0
CID144564107,mipomersen,0,0,44564107.0
CID144564722,Promacta,0,0,44564722.0
CID144567678,dalbavancin,0,0,44567678.0
CID146181941,Signifor,0,0,46181941.0
CID146216142,dolutegravir,0,0,46216142.0
CID151508717,tenoxicam,0,0,51508717.0
CID151601240,demeclocycline,0,0,51601240.0
CID153477714,heparin,0,0,53477714.0
CID153627505,hydroxypropyl,0,0,53627505.0
CID154677977,A77,4,1,54677977.0
CID154681041,tigecycline,4,1,54681041.0
CID154682541,doxycycline,0,0,54682541.0
CID154687131,lymecycline,0,0,54687131.0
CID156603655,pegaptanib,0,0,56603655.0
CID156842239,n-3,0,0,56842239.0
CID170683024,x,0,0,70683024.0
CID170695640,colestyramine,4,1,70695640.0
CID171306834,K779,17,1,71306834.0
